TP,NG,MUT,RST,AS,CRS,TER,DESEM,SNR
1,1,1,2,2,1,1,-0.0701,9.892952909
1,2,3,1,1,2,1,-0.0365,9.791037916
1,2,2,1,2,1,2,-0.0814,9.905118986
1,1,2,2,1,2,2,-0.0096,9.581818717
2,2,2,2,1,1,1,-0.0836,9.867273111
2,1,2,1,2,2,1,-0.0284,9.771251656
2,1,3,1,1,1,2,-0.0870,9.878733309
2,2,1,1,1,2,2,-0.0199,9.68684156
2,2,3,2,2,2,2,-0.0362,9.760397999
